n_rows_input,num_operations,runtime_merge,runtime_aggregation
1000,1,0.0038351999974111095,0.02128919999813661
1000,2,0.008540899994841311,0.051265200003399514
1000,4,0.01679149999836227,0.12398789999861037
