n_rows_input,num_operations,runtime_merge,runtime_aggregation
1000,1,0.0037271000037435442,0.02590990000317106
1000,2,0.00696349999634549,0.025168300002405886
1000,4,0.014753000003111083,0.058400499998242594
