initialization_time,n_rows_input,merge_time,aggregation_time,tablevectorizer_time,oneHotEncoder_time,standardScaler_time,total_time,n_features
0.0007780600000842242,1000,0.0038715599997885875,0.029956979999951727,0.08395918000005623,0.009162840000135475,0.008034820000102628,0.11856577999988076,8.0
0.0007939600000099745,10000,0.0049899000001460084,0.011865440000110538,0.2510869400000956,0.013442880000184232,0.011565779999727965,0.26873624000036217,8.0
0.0008560799999031588,100000,0.016270559999975377,0.059491779999916616,2.0667267200002244,0.07787568000003375,0.06064363999994384,2.1433451400000196,8.0
0.0008401399998547276,1000000,0.21521426000017527,0.571916180000153,24.1882185399998,0.9440052199999627,0.7829911399998309,24.97618911999998,8.0
0.0010324000002583488,10000000,3.4557706000005055,6.561523659999875,275.31952384000016,11.402442059999885,9.648812120000002,285.3378505000008,8.0
