initialization_time,n_rows_input,merge_time,aggregation_time,tablevectorizer_time,oneHotEncoder_time,standardScaler_time,total_time,n_features
0.0037023400000180118,1000,0.0029573000000027603,0.005484280000018771,0.07637452000001303,0.00843281999998453,0.007597439999995004,0.08851844000005257,6.0
0.0007730600000058985,10000,0.0043798600000400255,0.006637200000045596,0.26346186000002947,0.013378179999995155,0.010832380000010744,0.27525198000012097,6.0
0.0008514400000194655,100000,0.01257565999999315,0.01075682000002871,2.0887410000000273,0.072978460000013,0.054563519999987875,2.1129249200000686,6.0
0.0008335600000236809,1000000,0.1893550600000026,0.05725024000000758,24.238175019999993,0.9089651799999956,0.7713007800000014,24.485613880000027,6.0
0.00107465999994929,10000000,3.0487742200000185,0.5203730400000495,273.58901776000005,10.98547007999996,9.33666285999998,277.15923968000004,6.0
