initialization_time,n_rows_input,merge_time,aggregation_time,tablevectorizer_time,oneHotEncoder_time,standardScaler_time,total_time,n_features
0.0007407599998259685,1000,0.003927160000057483,0.008027040000160923,0.1656204399996568,0.0088220800000272,0.007804139999825566,0.1783153999997012,8.0
0.0008054000001720852,10000,0.004773479999857955,0.0088819999999032,0.2532328000001144,0.01489106000008178,0.01103984000019409,0.2676936800000476,8.0
0.0008561600005123182,100000,0.015985779999755322,0.03166420000015933,2.0693292400002976,0.07558880000015052,0.061195100000259114,2.1178353800007246,8.0
0.0008328599999003928,1000000,0.21607982000004994,0.2915314599998965,24.030974720000085,0.9610786799998096,0.7823107999998683,24.539418859999934,8.0
0.0011001600001691258,10000000,3.451796600000125,3.854694600000039,275.8769433200003,11.482792760000303,9.649212419999822,283.18453468000064,8.0
