n_rows_input,tablevectorizer_time_overhead,standardScaler_time_overhead,oneHotEncoder_time_overhead
1000,0.01396024000002849,0.0003900999999814003,0.0007485400000177989
10000,-0.014348259999883317,0.00023563999993709943,0.0015491599999450014
100000,-0.015361119999943718,0.0037043000000495027,0.005945799999881207
1000000,-0.16287121999992138,0.015806620000057614,0.03273269999990602
10000000,1.8170433400000547,0.5310047599999042,0.6082930999998997
