initialization_time,n_rows_input,merge_time,aggregation_time,tablevectorizer_time,oneHotEncoder_time,standardScaler_time,total_time,n_features
0.0008289399999739544,1000,0.0049865599999066035,0.013211600000158797,0.09033476000004156,0.009181360000002314,0.007987539999976433,0.10936186000008093,8.0
0.0008482600001116225,10000,0.005438820000108535,0.0093596400000024,0.2491136000001461,0.01492733999994016,0.011068019999947864,0.26476032000036864,8.0
0.0008382400000300549,100000,0.016626540000106615,0.026009499999872787,2.073379880000084,0.07892425999989428,0.058267820000037315,2.1168541600000936,8.0
0.0008256000000073982,1000000,0.2150447400000303,0.20273391999990054,24.075303800000075,0.9416978799999015,0.787107400000059,24.493908060000013,8.0
0.00099235999996381,10000000,3.4536412800001015,1.9670503799999097,275.4060611000001,11.59376317999986,9.867667619999883,280.82774512000003,8.0
