initialization_time,n_rows_input,merge_time,aggregation_time,tablevectorizer_time,oneHotEncoder_time,standardScaler_time,total_time,n_features
0.0008542999999917811,1000,0.004515499999979511,0.01456698000038159,0.08371809999989636,0.009591420000106154,0.00843062000003556,0.10365488000024925,8.0
0.0008287400001790957,10000,0.005287660000067263,0.011940640000102577,0.25909977999999684,0.014650020000044606,0.0114423999999417,0.27715682000034575,8.0
0.0008596400002716109,100000,0.019363699999667007,0.05305343999989418,2.0834124800001517,0.07945037999979832,0.05913533999992069,2.1566892599999847,8.0
0.0008400799997616559,1000000,0.22515854000012042,0.4934134400000403,24.154232020000016,0.9590511999998853,0.7779402199996184,24.87364407999994,8.0
0.0012448999998014188,10000000,3.472016699999949,4.947909280000204,274.61877334,11.28070710000011,9.545597219999763,283.03994421999994,8.0
