n_rows_input,num_operations,runtime_merge,runtime_aggregation
100000,1,0.013078199999995377,0.03684019999991506
100000,2,0.034843200000068464,0.05737520000002405
100000,4,0.07977599999992435,0.10284230000002026
100000,6,0.14148050000005696,0.1705310999999483
100000,8,0.21726940000007744,0.22605090000001837
100000,10,0.3007047999999486,0.30728709999993953
