n_rows_input,num_operations,runtime_merge,runtime_aggregation
100000,1,0.03531890000158455,0.9744279000005918
100000,2,0.0421347000010428,2.7843111000038334
100000,4,0.13608960000419756,5.972571700003755
100000,6,0.18370810000487836,10.933083100004296
100000,8,0.27839330000279006,16.682509199999913
100000,10,0.34701899999345187,24.564930699998513
