n_rows_input,num_operations,runtime_merge,runtime_aggregation
100000,1,0.0201256000000285,0.7656557999999904
100000,2,0.041582799999901,2.03743129999998
100000,4,0.0968520000000126,5.58650549999993
100000,6,0.16391090000001896,10.694411299999956
100000,8,0.24729720000004818,17.348938999999973
100000,10,0.3466172999999344,25.33623750000004
