n_rows_input,num_operations,runtime_merge,runtime_aggregation
100000,1,0.018172499999991487,0.8715045000000146
100000,2,0.04112750000001597,2.0652421999999433
100000,4,0.09928020000006654,5.603084399999943
100000,6,0.17566200000010213,10.548064199999999
100000,8,0.2488859999999704,17.188378100000023
100000,10,0.37893369999994775,24.959841900000015
