n_rows_input,num_operations,runtime_merge,runtime_aggregation
100000,1,0.017749999999978172,0.807057499999928
100000,2,0.040312399999947957,2.1504707999999937
100000,4,0.09478440000009414,5.775225200000023
100000,6,0.16103290000000925,10.880871700000057
100000,8,0.24879820000001018,17.92480189999992
100000,10,0.34266039999999975,25.97238279999999
