initialization_time,n_rows_input,merge_time,aggregation_time,tablevectorizer_time,total_time,rows_after_merge,rows_after_aggregation,n_features
0.0023265400006494017,1000,0.013717140001244844,0.03814937999995891,0.10962079999953858,0.16381386000139173,1000.0,4.0,45.0
0.0017760799993993715,10000,0.00859571999972104,0.015261099999770522,0.284095599999273,0.3097284999981639,10000.0,4.0,45.0
0.001448119999258779,100000,0.02965702000001329,0.0588923800001794,2.0975236199999925,2.1875211399994443,100000.0,4.0,45.0
0.0016554999994696118,1000000,0.3726686800007883,0.6103834999994433,24.228048800001126,25.212756480000827,1000000.0,4.0,45.0
0.009820199997921008,10000000,5.556856240000343,6.539918399997987,272.9381900999986,285.0447849399949,10000000.0,4.0,45.0
