initialization_time,n_rows_input,merge_time,aggregation_time,tablevectorizer_time,total_time,rows_after_merge,rows_after_aggregation,n_features
0.0018449600007443222,1000,0.0060399000001780225,0.015023899999505375,0.17554385999974328,0.198452620000171,1000.0,4.0,45.0
0.001315500000055181,10000,0.004351060000044526,0.00856353999915882,0.24905329999965034,0.2632833999989089,10000.0,4.0,45.0
0.0014849799998046364,100000,0.017612519999238428,0.02498173999993014,2.031393019999814,2.0754722599987874,100000.0,4.0,45.0
0.0014427399990381673,1000000,0.23425047999990056,0.19965331999992486,24.0013692799992,24.436715819998064,1000000.0,4.0,45.0
0.007632640001247637,10000000,4.181450780000887,1.9207956200007175,273.68421296000014,279.794092000003,10000000.0,4.0,45.0
