initialization_time,n_rows_input,merge_time,aggregation_time,tablevectorizer_time,total_time,rows_after_merge,rows_after_aggregation,n_features
0.0015062400008901023,1000,0.0027663000008033125,0.005295100000512321,0.07801583999898867,0.0875834800011944,1000.0,4.0,43.0
0.0014284399992902763,10000,0.003329719999601366,0.006002080000325804,0.23307864000016706,0.24383887999938453,10000.0,4.0,43.0
0.0015606600005412473,100000,0.011939200000779238,0.010744259999773931,2.0219744999994873,2.0462186200005816,100000.0,4.0,43.0
0.001706400000693975,1000000,0.18739123999912408,0.05700851999936276,23.876894300001005,24.123000460000185,1000000.0,4.0,43.0
0.01064018000033684,10000000,3.463159119999909,0.5188903799993568,271.93822814000015,275.93091781999976,10000000.0,4.0,43.0
