initialization_time,n_rows_input,merge_time,aggregation_time,tablevectorizer_time,total_time,rows_after_merge,rows_after_aggregation,n_features
0.0021173799999814947,1000,0.013106059999699937,0.0174172399994859,0.13077509999930043,0.16341577999846776,1000.0,4.0,45.0
0.0017386800005624536,10000,0.007996579999598907,0.01479200000030687,0.36989510000057635,0.3944223600010446,10000.0,4.0,45.0
0.0014902000009897165,100000,0.025500960000499617,0.05362306000024546,2.040750679998746,2.1213649000004806,100000.0,4.0,45.0
0.0014416399993933738,1000000,0.3211800799996126,0.4889022399991518,24.14830720000027,24.95983115999843,1000000.0,4.0,45.0
0.009849640000174987,10000000,4.958163179998519,4.986945519999426,273.3701364399996,283.32509477999776,10000000.0,4.0,45.0
