initialization_time,n_rows_input,merge_time,aggregation_time,tablevectorizer_time,total_time,rows_after_merge,rows_after_aggregation,n_features
0.0018666999996639789,1000,0.01059402000028058,0.008709880000969861,0.09746529999974882,0.11863590000066324,1000.0,4.0,45.0
0.0013932000008935574,10000,0.005815519999305252,0.011046039999928325,0.2767401800003427,0.2949949400004698,10000.0,4.0,45.0
0.0013620999990962446,100000,0.0218120599995018,0.03176778000051854,2.0625180600007296,2.1174599999998462,100000.0,4.0,45.0
0.001450480000494281,1000000,0.276885920001223,0.3045722200011369,24.122768980001275,24.70567760000413,1000000.0,4.0,45.0
0.010196540001197718,10000000,5.026798520000739,3.8101474199997027,275.37947674000026,284.2266192200019,10000000.0,4.0,45.0
